instrument_id,symbol,n_symbols,first_ts,last_ts,rows,expiry
750,NQH4,1,2023-03-22 14:28:00+00:00,2024-03-15 13:29:00+00:00,112791,2024-03-15
765,NQM6,1,2015-04-30 19:04:00+00:00,2016-06-17 13:29:00+00:00,95871,2016-06-17
828,NQU1,1,2020-12-17 07:41:00+00:00,2021-09-17 13:29:00+00:00,111816,2021-09-17
2130,NQU3,1,2022-09-26 17:16:00+00:00,2023-09-15 13:29:00+00:00,111315,2023-09-15
2563,NQU6,1,2015-08-21 14:12:00+00:00,2016-09-16 13:29:00+00:00,95051,2016-09-16
2770,NQZ1,1,2020-12-18 10:31:00+00:00,2021-12-17 14:29:00+00:00,112904,2021-12-17
2786,NQM1,1,2020-09-02 13:49:00+00:00,2021-06-18 13:29:00+00:00,113490,2021-06-18
2887,NQZ6,1,2015-10-21 18:17:00+00:00,2016-12-16 14:29:00+00:00,96178,2016-12-16
2895,NQM2,1,2021-03-24 14:17:00+00:00,2022-06-17 13:29:00+00:00,120185,2022-06-17
2913,NQU5,1,2014-06-24 18:35:00+00:00,2015-09-18 13:29:00+00:00,94320,2015-09-18
3088,NQZ0,1,2010-06-06 23:35:00+00:00,2010-12-17 14:29:00+00:00,88136,2010-12-17
3522,NQM3,1,2022-06-15 19:34:00+00:00,2023-06-16 13:29:00+00:00,111984,2023-06-16
3541,NQH2,1,2021-05-25 15:28:00+00:00,2022-03-18 13:29:00+00:00,116636,2022-03-18
4358,NQU4,1,2023-09-21 13:29:00+00:00,2024-09-20 13:29:00+00:00,116889,2024-09-20
4378,NQH1,1,2020-03-06 18:21:00+00:00,2021-03-19 13:29:00+00:00,109748,2021-03-19
6398,NQM7,1,2016-04-01 19:34:00+00:00,2017-06-16 13:29:00+00:00,99725,2017-06-16
6641,NQM0,1,2010-06-06 22:00:00+00:00,2010-06-18 13:29:00+00:00,9442,2010-06-18
8223,NQM4,1,2013-06-26 00:12:00+00:00,2014-06-20 13:29:00+00:00,87023,2014-06-20
8870,NQH2,1,2011-03-07 18:11:00+00:00,2012-03-16 13:29:00+00:00,83990,2012-03-16
9166,NQM9,1,2018-04-25 11:12:00+00:00,2019-06-21 13:29:00+00:00,112332,2019-06-21
10016,NQZ2,1,2011-12-19 16:12:00+00:00,2012-12-21 14:28:00+00:00,88450,2012-12-21
10204,NQH0,1,2019-03-15 19:54:00+00:00,2020-03-20 13:29:00+00:00,104428,2020-03-20
10391,NQU2,1,2021-06-20 23:38:00+00:00,2022-09-16 13:29:00+00:00,116195,2022-09-16
11518,NQM3,1,2012-04-16 18:29:00+00:00,2013-06-21 13:28:00+00:00,91952,2013-06-21
12038,NQZ1,1,2010-11-23 14:59:00+00:00,2011-12-16 14:29:00+00:00,95868,2011-12-16
12809,NQZ5,1,2014-09-22 14:25:00+00:00,2015-12-18 14:29:00+00:00,100446,2015-12-18
13613,NQZ2,1,2021-10-01 15:36:00+00:00,2022-12-16 14:29:00+00:00,112560,2022-12-16
13743,NQM4,1,2023-07-05 14:18:00+00:00,2024-06-21 13:29:00+00:00,119549,2024-06-21
14028,NQU0,1,2019-07-16 05:32:00+00:00,2020-09-18 13:29:00+00:00,108405,2020-09-18
15466,NQZ7,1,2016-09-22 12:03:00+00:00,2017-12-15 14:29:00+00:00,109407,2017-12-15
15657,NQH9,1,2018-02-07 17:37:00+00:00,2019-03-15 13:29:00+00:00,107921,2019-03-15
15907,NQZ9,1,2018-11-19 15:07:00+00:00,2019-12-20 14:29:00+00:00,110301,2019-12-20
16041,NQZ8,1,2017-09-18 13:23:00+00:00,2018-12-21 14:29:00+00:00,110356,2018-12-21
16210,NQH8,1,2017-01-24 20:46:00+00:00,2018-03-16 13:29:00+00:00,108235,2018-03-16
16337,NQZ0,1,2019-12-02 12:54:00+00:00,2020-12-18 14:29:00+00:00,111866,2020-12-18
16908,NQM0,1,2019-04-16 10:38:00+00:00,2020-06-19 13:29:00+00:00,111479,2020-06-19
17591,NQU3,1,2012-06-21 19:41:00+00:00,2013-09-20 13:29:00+00:00,87106,2013-09-20
20631,NQH3,1,2021-12-22 07:20:00+00:00,2023-03-17 13:29:00+00:00,111961,2023-03-17
20924,NQM2,1,2011-05-17 16:29:00+00:00,2012-06-15 13:28:00+00:00,90112,2012-06-15
23041,NQZ7,1,2025-05-30 14:43:00+00:00,2025-09-15 18:56:00+00:00,2,2027-12-17
23520,NQM8,1,2017-08-08 18:49:00+00:00,2018-06-15 13:30:00+00:00,110695,2018-06-15
26054,NQU7,1,2016-08-04 16:45:00+00:00,2017-09-15 13:29:00+00:00,101961,2017-09-15
26715,NQU0,1,2010-06-06 22:00:00+00:00,2010-09-17 13:29:00+00:00,84961,2010-09-17
28097,NQZ4,1,2013-11-25 14:54:00+00:00,2014-12-19 14:29:00+00:00,97401,2014-12-19
28499,NQZ3,1,2012-12-06 13:45:00+00:00,2013-12-20 14:29:00+00:00,88157,2013-12-20
30668,NQM1,1,2010-09-08 17:52:00+00:00,2011-06-17 13:29:00+00:00,87883,2011-06-17
35888,NQH7,1,2016-03-30 13:40:00+00:00,2017-03-17 13:29:00+00:00,96302,2017-03-17
36742,NQU9,1,2018-07-16 07:52:00+00:00,2019-09-20 13:29:00+00:00,110372,2019-09-20
36931,NQH3,1,2012-07-06 12:46:00+00:00,2013-03-15 13:29:00+00:00,76177,2013-03-15
47511,NQU8,1,2017-12-15 21:01:00+00:00,2018-09-21 13:29:00+00:00,117274,2018-09-21
49734,NQH6,1,2015-07-01 14:00:00+00:00,2016-03-18 13:29:00+00:00,96023,2016-03-18
50207,NQH5,1,2014-01-02 16:09:00+00:00,2015-03-20 13:29:00+00:00,93404,2015-03-20
56972,NQU1,1,2010-11-05 15:04:00+00:00,2011-09-16 13:29:00+00:00,92092,2011-09-16
57494,NQU2,1,2011-09-20 18:12:00+00:00,2012-09-21 13:29:00+00:00,94189,2012-09-21
58385,NQM5,1,2014-03-24 10:05:00+00:00,2015-06-19 13:29:00+00:00,89620,2015-06-19
83745,NQU4,1,2013-09-11 08:32:00+00:00,2014-09-19 13:29:00+00:00,87585,2014-09-19
93735,NQH1,1,2010-06-16 15:32:00+00:00,2011-03-18 13:29:00+00:00,84780,2011-03-18
106364,NQZ4,1,2023-12-20 20:31:00+00:00,2024-12-20 14:29:00+00:00,122487,2024-12-20
158704,NQZ5,1,2024-12-27 16:53:00+00:00,2025-12-19 14:29:00+00:00,110436,2025-12-19
260937,NQZ3,1,2022-12-02 16:00:00+00:00,2023-12-15 14:29:00+00:00,119538,2023-12-15
261401,NQZ6,1,2023-10-25 14:03:00+00:00,2026-10-01 23:59:00+00:00,45781,2026-12-18
382251,NQH4,1,2012-12-24 15:21:00+00:00,2014-03-21 13:29:00+00:00,84725,2014-03-21
42001830,NQZ9,1,2025-02-14 17:47:00+00:00,2025-02-14 17:47:00+00:00,1,2029-12-21
42002475,NQH6,1,2025-03-11 12:23:00+00:00,2026-03-20 13:29:00+00:00,111539,2026-03-20
42004058,NQM6,1,2025-04-11 17:44:00+00:00,2026-06-18 13:29:00+00:00,116157,2026-06-19
42004177,NQU6,1,2025-10-27 16:07:00+00:00,2026-09-18 13:29:00+00:00,120386,2026-09-18
42005205,NQH7,1,2026-05-14 06:55:00+00:00,2026-10-01 23:10:00+00:00,2939,2027-03-19
42005804,NQM5,1,2024-06-20 07:36:00+00:00,2025-06-20 13:29:00+00:00,118503,2025-06-20
42008487,NQU5,1,2024-08-02 12:23:00+00:00,2025-09-19 13:29:00+00:00,115917,2025-09-19
42019315,NQM7,1,2026-04-30 12:36:00+00:00,2026-09-15 12:49:00+00:00,8,2027-06-18
42288528,NQH5,1,2024-01-02 15:48:00+00:00,2025-03-21 13:29:00+00:00,111479,2025-03-21
