date,exclude_reason,flag_no_prev_day,flag_no_chosen_bars,flag_cash_closed,flag_early_close,flag_vendor_degraded,flag_range_incomplete,flag_window_incomplete,flag_roll_new_contract,flag_roll_low_share
2010-06-07,no_prev_day,True,True,False,False,False,True,True,False,False
2010-06-11,roll_new_contract,False,False,False,False,False,False,False,True,True
2010-06-14,roll_low_share,False,False,False,False,False,False,False,False,True
2010-07-05,cash_closed,False,False,True,False,False,False,True,False,False
2010-09-06,cash_closed,False,False,True,False,False,False,True,False,False
2010-09-10,window_incomplete,False,False,False,False,False,False,True,False,True
2010-09-13,roll_new_contract,False,False,False,False,False,False,False,True,True
2010-11-25,cash_closed,False,False,True,False,False,False,True,False,False
2010-11-26,early_close,False,False,False,True,False,False,True,False,False
2010-12-10,roll_low_share,False,False,False,False,False,False,False,False,True
2010-12-13,roll_new_contract,False,False,False,False,False,False,False,True,True
2010-12-23,window_incomplete,False,False,False,False,False,False,True,False,False
2010-12-28,window_incomplete,False,False,False,False,False,False,True,False,False
2010-12-29,window_incomplete,False,False,False,False,False,False,True,False,False
2010-12-30,window_incomplete,False,False,False,False,False,False,True,False,False
2011-01-17,cash_closed,False,False,True,False,False,False,True,False,False
2011-02-21,cash_closed,False,False,True,False,False,False,True,False,False
2011-03-11,roll_low_share,False,False,False,False,False,False,False,False,True
2011-03-14,roll_new_contract,False,False,False,False,False,False,False,True,True
2011-05-30,cash_closed,False,False,True,False,False,False,True,False,False
2011-06-10,roll_low_share,False,False,False,False,False,False,False,False,True
2011-06-13,roll_new_contract,False,False,False,False,False,False,False,True,True
2011-07-04,cash_closed,False,False,True,False,False,True,True,False,False
2011-09-05,cash_closed,False,False,True,False,False,False,True,False,False
2011-09-09,roll_low_share,False,False,False,False,False,False,False,False,True
2011-09-12,roll_new_contract,False,False,False,False,False,False,False,True,True
2011-11-24,cash_closed,False,False,True,False,False,False,True,False,False
2011-11-25,early_close,False,False,False,True,False,False,True,False,False
2011-12-09,roll_low_share,False,False,False,False,False,False,False,False,True
2011-12-12,roll_new_contract,False,False,False,False,False,False,False,True,True
2012-01-16,cash_closed,False,False,True,False,False,False,True,False,False
2012-02-20,cash_closed,False,False,True,False,False,False,True,False,False
2012-03-09,window_incomplete,False,False,False,False,False,False,True,False,True
2012-03-12,roll_new_contract,False,False,False,False,False,False,False,True,True
2012-05-28,cash_closed,False,False,True,False,False,False,True,False,False
2012-06-11,roll_new_contract,False,False,False,False,False,False,False,True,True
2012-07-03,early_close,False,False,False,True,False,False,True,False,False
2012-07-04,cash_closed,False,False,True,False,False,False,True,False,False
2012-09-03,cash_closed,False,False,True,False,False,False,True,False,False
2012-09-17,roll_new_contract,False,False,False,False,False,False,False,True,True
2012-11-23,early_close,False,False,False,True,False,False,True,False,False
2012-12-17,roll_new_contract,False,False,False,False,False,False,False,True,True
2012-12-24,early_close,False,False,False,True,False,False,True,False,False
2013-03-11,roll_new_contract,False,False,False,False,False,False,False,True,True
2013-06-17,roll_new_contract,False,False,False,False,False,False,False,True,True
2013-07-03,early_close,False,False,False,True,False,False,True,False,False
2013-09-13,roll_low_share,False,False,False,False,False,False,False,False,True
2013-09-16,roll_new_contract,False,False,False,False,False,False,False,True,True
2013-11-29,early_close,False,False,False,True,False,False,True,False,False
2013-12-13,window_incomplete,False,False,False,False,False,False,True,False,False
2013-12-16,roll_new_contract,False,False,False,False,False,False,False,True,True
2013-12-24,early_close,False,False,False,True,False,False,True,False,False
2014-03-17,roll_new_contract,False,False,False,False,False,False,False,True,True
2014-05-26,cash_closed,False,False,True,False,False,False,True,False,False
2014-06-11,vendor_degraded,False,False,False,False,True,False,False,False,False
2014-06-16,window_incomplete,False,False,False,False,False,False,True,False,False
2014-06-17,roll_new_contract,False,False,False,False,False,False,False,True,True
2014-07-03,early_close,False,False,False,True,False,False,True,False,False
2014-07-04,cash_closed,False,False,True,False,False,False,True,False,False
2014-09-01,cash_closed,False,False,True,False,False,True,True,False,False
2014-09-15,roll_new_contract,False,False,False,False,False,False,False,True,True
2014-09-22,vendor_degraded,False,False,False,False,True,False,False,False,False
2014-11-27,cash_closed,False,False,True,False,False,False,True,False,False
2014-11-28,early_close,False,False,False,True,False,False,True,False,False
2014-12-15,roll_new_contract,False,False,False,False,False,False,False,True,True
2014-12-16,roll_low_share,False,False,False,False,False,False,False,False,True
2014-12-24,early_close,False,False,False,True,False,False,True,False,False
2015-01-19,cash_closed,False,False,True,False,False,False,True,False,False
2015-02-16,cash_closed,False,False,True,False,False,False,True,False,False
2015-03-16,roll_new_contract,False,False,False,False,False,False,False,True,True
2015-03-17,roll_low_share,False,False,False,False,False,False,False,False,True
2015-05-25,cash_closed,False,False,True,False,False,False,True,False,False
2015-06-12,roll_low_share,False,False,False,False,False,False,False,False,True
2015-06-15,roll_new_contract,False,False,False,False,False,False,False,True,True
2015-06-16,roll_low_share,False,False,False,False,False,False,False,False,True
2015-06-17,roll_low_share,False,False,False,False,False,False,False,False,True
2015-07-03,cash_closed,False,False,True,False,False,False,True,False,False
2015-09-07,cash_closed,False,False,True,False,False,False,True,False,False
2015-09-14,roll_new_contract,False,False,False,False,False,False,False,True,True
2015-09-15,roll_low_share,False,False,False,False,False,False,False,False,True
2015-11-26,cash_closed,False,False,True,False,False,False,True,False,False
2015-11-27,early_close,False,False,False,True,False,False,True,False,False
2015-12-14,roll_new_contract,False,False,False,False,False,False,False,True,True
2015-12-16,roll_low_share,False,False,False,False,False,False,False,False,True
2015-12-24,early_close,False,False,False,True,False,False,True,False,False
2016-01-18,cash_closed,False,False,True,False,False,False,True,False,False
2016-02-15,cash_closed,False,False,True,False,False,False,True,False,False
2016-03-14,roll_new_contract,False,False,False,False,False,False,False,True,True
2016-03-15,roll_low_share,False,False,False,False,False,False,False,False,True
2016-05-30,cash_closed,False,False,True,False,False,False,True,False,False
2016-06-13,roll_new_contract,False,False,False,False,False,False,False,True,True
2016-07-04,cash_closed,False,False,True,False,False,False,True,False,False
2016-09-05,cash_closed,False,False,True,False,False,False,True,False,False
2016-09-12,roll_new_contract,False,False,False,False,False,False,False,True,True
2016-09-13,roll_low_share,False,False,False,False,False,False,False,False,True
2016-11-24,cash_closed,False,False,True,False,False,False,True,False,False
2016-11-25,early_close,False,False,False,True,False,False,True,False,False
2016-12-12,roll_new_contract,False,False,False,False,False,False,False,True,True
2016-12-13,roll_low_share,False,False,False,False,False,False,False,False,True
2017-01-16,cash_closed,False,False,True,False,False,False,True,False,False
2017-02-20,cash_closed,False,False,True,False,False,False,True,False,False
2017-03-13,roll_new_contract,False,False,False,False,False,False,False,True,True
2017-03-14,roll_low_share,False,False,False,False,False,False,False,False,True
2017-05-29,cash_closed,False,False,True,False,False,False,True,False,False
2017-06-09,roll_low_share,False,False,False,False,False,False,False,False,True
2017-06-12,roll_new_contract,False,False,False,False,False,False,False,True,True
2017-06-13,roll_low_share,False,False,False,False,False,False,False,False,True
2017-06-14,roll_low_share,False,False,False,False,False,False,False,False,True
2017-07-03,early_close,False,False,False,True,False,False,True,False,False
2017-07-04,cash_closed,False,False,True,False,False,False,True,False,False
2017-09-04,cash_closed,False,False,True,False,False,False,True,False,False
2017-09-11,roll_new_contract,False,False,False,False,False,False,False,True,True
2017-09-12,roll_low_share,False,False,False,False,False,False,False,False,True
2017-09-13,roll_low_share,False,False,False,False,False,False,False,False,True
2017-11-13,vendor_degraded,False,False,False,False,True,False,False,False,False
2017-11-23,cash_closed,False,False,True,False,False,False,True,False,False
2017-11-24,early_close,False,False,False,True,False,False,True,False,False
2017-12-11,roll_new_contract,False,False,False,False,False,False,False,True,True
2017-12-12,roll_low_share,False,False,False,False,False,False,False,False,True
2017-12-13,roll_low_share,False,False,False,False,False,False,False,False,True
2018-01-15,cash_closed,False,False,True,False,False,False,True,False,False
2018-02-19,cash_closed,False,False,True,False,False,False,True,False,False
2018-03-12,roll_new_contract,False,False,False,False,False,False,False,True,True
2018-03-13,roll_low_share,False,False,False,False,False,False,False,False,True
2018-03-14,roll_low_share,False,False,False,False,False,False,False,False,True
2018-05-28,cash_closed,False,False,True,False,False,False,True,False,False
2018-06-11,roll_new_contract,False,False,False,False,False,False,False,True,True
2018-06-12,roll_low_share,False,False,False,False,False,False,False,False,True
2018-06-13,roll_low_share,False,False,False,False,False,False,False,False,True
2018-07-03,early_close,False,False,False,True,False,False,True,False,False
2018-07-04,cash_closed,False,False,True,False,False,False,True,False,False
2018-09-03,cash_closed,False,False,True,False,False,False,True,False,False
2018-09-17,roll_new_contract,False,False,False,False,False,False,False,True,True
2018-09-18,roll_low_share,False,False,False,False,False,False,False,False,True
2018-11-22,cash_closed,False,False,True,False,False,False,True,False,False
2018-11-23,early_close,False,False,False,True,False,False,True,False,False
2018-12-17,roll_new_contract,False,False,False,False,False,False,False,True,True
2018-12-18,roll_low_share,False,False,False,False,False,False,False,False,True
2018-12-24,early_close,False,False,False,True,False,False,True,False,False
2019-01-15,vendor_degraded,False,False,False,False,True,False,False,False,False
2019-01-21,cash_closed,False,False,True,False,False,False,True,False,False
2019-02-18,cash_closed,False,False,True,False,False,False,True,False,False
2019-02-22,vendor_degraded,False,False,False,False,True,False,False,False,False
2019-03-11,roll_new_contract,False,False,False,False,False,False,False,True,True
2019-03-12,roll_low_share,False,False,False,False,False,False,False,False,True
2019-03-13,vendor_degraded,False,False,False,False,True,False,False,False,True
2019-03-26,vendor_degraded,False,False,False,False,True,False,False,False,False
2019-05-27,cash_closed,False,False,True,False,False,False,True,False,False
2019-06-17,roll_new_contract,False,False,False,False,False,False,False,True,True
2019-06-18,roll_low_share,False,False,False,False,False,False,False,False,True
2019-06-19,roll_low_share,False,False,False,False,False,False,False,False,True
2019-07-03,early_close,False,False,False,True,False,False,True,False,False
2019-07-04,cash_closed,False,False,True,False,False,False,True,False,False
2019-09-02,cash_closed,False,False,True,False,False,False,True,False,False
2019-09-16,roll_new_contract,False,False,False,False,False,False,False,True,True
2019-09-17,roll_low_share,False,False,False,False,False,False,False,False,True
2019-09-18,roll_low_share,False,False,False,False,False,False,False,False,True
2019-11-28,cash_closed,False,False,True,False,False,False,True,False,False
2019-11-29,early_close,False,False,False,True,False,False,True,False,False
2019-12-16,roll_new_contract,False,False,False,False,False,False,False,True,True
2019-12-17,roll_low_share,False,False,False,False,False,False,False,False,True
2019-12-24,early_close,False,False,False,True,False,False,True,False,False
2020-01-20,cash_closed,False,False,True,False,False,False,True,False,False
2020-02-17,cash_closed,False,False,True,False,False,False,True,False,False
2020-02-27,vendor_degraded,False,False,False,False,True,False,False,False,False
2020-02-28,vendor_degraded,False,False,False,False,True,False,False,False,False
2020-03-09,range_incomplete,False,False,False,False,False,True,True,False,False
2020-03-12,range_incomplete,False,False,False,False,False,True,True,False,False
2020-03-16,range_incomplete,False,False,False,False,False,True,False,False,True
2020-03-17,roll_new_contract,False,False,False,False,False,False,False,True,True
2020-03-18,window_incomplete,False,False,False,False,False,False,True,False,True
2020-05-05,vendor_degraded,False,False,False,False,True,False,False,False,False
2020-05-25,cash_closed,False,False,True,False,False,False,True,False,False
2020-06-15,roll_low_share,False,False,False,False,False,False,False,False,True
2020-06-16,roll_new_contract,False,False,False,False,False,False,False,True,True
2020-06-30,vendor_degraded,False,False,False,False,True,False,False,False,False
2020-07-01,vendor_degraded,False,False,False,False,True,False,False,False,False
2020-07-03,cash_closed,False,False,True,False,False,False,True,False,False
2020-09-07,cash_closed,False,False,True,False,False,False,True,False,False
2020-09-14,roll_low_share,False,False,False,False,False,False,False,False,True
2020-09-15,roll_new_contract,False,False,False,False,False,False,False,True,True
2020-09-16,roll_low_share,False,False,False,False,False,False,False,False,True
2020-11-26,cash_closed,False,False,True,False,False,False,True,False,False
2020-11-27,early_close,False,False,False,True,False,False,True,False,False
2020-12-14,roll_low_share,False,False,False,False,False,False,False,False,True
2020-12-15,roll_new_contract,False,False,False,False,False,False,False,True,True
2020-12-16,roll_low_share,False,False,False,False,False,False,False,False,True
2020-12-24,early_close,False,False,False,True,False,False,True,False,False
2021-01-18,cash_closed,False,False,True,False,False,False,True,False,False
2021-02-15,cash_closed,False,False,True,False,False,False,True,False,False
2021-03-15,roll_low_share,False,False,False,False,False,False,False,False,True
2021-03-16,roll_new_contract,False,False,False,False,False,False,False,True,True
2021-03-17,roll_low_share,False,False,False,False,False,False,False,False,True
2021-05-31,cash_closed,False,False,True,False,False,False,True,False,False
2021-06-14,roll_low_share,False,False,False,False,False,False,False,False,True
2021-06-15,roll_new_contract,False,False,False,False,False,False,False,True,True
2021-07-05,cash_closed,False,False,True,False,False,False,True,False,False
2021-09-06,cash_closed,False,False,True,False,False,False,True,False,False
2021-09-13,roll_new_contract,False,False,False,False,False,False,False,True,True
2021-09-14,roll_low_share,False,False,False,False,False,False,False,False,True
2021-09-15,roll_low_share,False,False,False,False,False,False,False,False,True
2021-11-25,cash_closed,False,False,True,False,False,False,True,False,False
2021-11-26,early_close,False,False,False,True,False,False,True,False,False
2021-12-13,roll_new_contract,False,False,False,False,False,False,False,True,True
2021-12-14,roll_low_share,False,False,False,False,False,False,False,False,True
2021-12-15,roll_low_share,False,False,False,False,False,False,False,False,True
2022-01-17,cash_closed,False,False,True,False,False,False,True,False,False
2022-02-21,cash_closed,False,False,True,False,False,False,True,False,False
2022-03-14,roll_low_share,False,False,False,False,False,False,False,False,True
2022-03-15,roll_new_contract,False,False,False,False,False,False,False,True,True
2022-03-16,roll_low_share,False,False,False,False,False,False,False,False,True
2022-03-17,roll_low_share,False,False,False,False,False,False,False,False,True
2022-05-30,cash_closed,False,False,True,False,False,False,True,False,False
2022-06-13,roll_low_share,False,False,False,False,False,False,False,False,True
2022-06-14,roll_new_contract,False,False,False,False,False,False,False,True,True
2022-06-15,roll_low_share,False,False,False,False,False,False,False,False,True
2022-06-16,roll_low_share,False,False,False,False,False,False,False,False,True
2022-06-20,cash_closed,False,False,True,False,False,False,True,False,False
2022-07-04,cash_closed,False,False,True,False,False,False,True,False,False
2022-09-05,cash_closed,False,False,True,False,False,False,True,False,False
2022-09-12,roll_low_share,False,False,False,False,False,False,False,False,True
2022-09-13,roll_new_contract,False,False,False,False,False,False,False,True,True
2022-09-14,roll_low_share,False,False,False,False,False,False,False,False,True
2022-09-15,roll_low_share,False,False,False,False,False,False,False,False,True
2022-11-24,cash_closed,False,False,True,False,False,False,True,False,False
2022-11-25,early_close,False,False,False,True,False,False,True,False,False
2022-12-12,roll_low_share,False,False,False,False,False,False,False,False,True
2022-12-13,roll_new_contract,False,False,False,False,False,False,False,True,True
2022-12-14,roll_low_share,False,False,False,False,False,False,False,False,True
2023-01-16,cash_closed,False,False,True,False,False,False,True,False,False
2023-02-20,cash_closed,False,False,True,False,False,False,True,False,False
2023-03-13,roll_low_share,False,False,False,False,False,False,False,False,True
2023-03-14,roll_new_contract,False,False,False,False,False,False,False,True,True
2023-03-15,roll_low_share,False,False,False,False,False,False,False,False,True
2023-05-29,cash_closed,False,False,True,False,False,False,True,False,False
2023-06-12,roll_low_share,False,False,False,False,False,False,False,False,True
2023-06-13,roll_new_contract,False,False,False,False,False,False,False,True,True
2023-06-14,roll_low_share,False,False,False,False,False,False,False,False,True
2023-06-19,cash_closed,False,False,True,False,False,False,True,False,False
2023-07-03,early_close,False,False,False,True,False,False,True,False,False
2023-07-04,cash_closed,False,False,True,False,False,False,True,False,False
2023-09-04,cash_closed,False,False,True,False,False,False,True,False,False
2023-09-12,roll_new_contract,False,False,False,False,False,False,False,True,True
2023-09-13,roll_low_share,False,False,False,False,False,False,False,False,True
2023-11-23,cash_closed,False,False,True,False,False,False,True,False,False
2023-11-24,early_close,False,False,False,True,False,False,True,False,False
2023-12-11,roll_low_share,False,False,False,False,False,False,False,False,True
2023-12-12,roll_new_contract,False,False,False,False,False,False,False,True,True
2024-01-15,cash_closed,False,False,True,False,False,False,True,False,False
2024-02-19,cash_closed,False,False,True,False,False,False,True,False,False
2024-03-12,roll_new_contract,False,False,False,False,False,False,False,True,True
2024-05-27,cash_closed,False,False,True,False,False,False,True,False,False
2024-06-17,roll_low_share,False,False,False,False,False,False,False,False,True
2024-06-18,roll_new_contract,False,False,False,False,False,False,False,True,True
2024-06-19,cash_closed,False,False,True,False,False,False,True,False,False
2024-07-03,early_close,False,False,False,True,False,False,True,False,False
2024-07-04,cash_closed,False,False,True,False,False,False,True,False,False
2024-09-02,cash_closed,False,False,True,False,False,False,True,False,False
2024-09-17,roll_new_contract,False,False,False,False,False,False,False,True,True
2024-09-18,vendor_degraded,False,False,False,False,True,False,False,False,True
2024-11-28,cash_closed,False,False,True,False,False,False,True,False,False
2024-11-29,early_close,False,False,False,True,False,False,True,False,False
2024-12-17,roll_low_share,False,False,False,False,False,False,False,False,True
2024-12-18,roll_new_contract,False,False,False,False,False,False,False,True,True
2024-12-24,early_close,False,False,False,True,False,False,True,False,False
2025-01-20,cash_closed,False,False,True,False,False,False,True,False,False
2025-02-17,cash_closed,False,False,True,False,False,False,True,False,False
2025-03-18,roll_low_share,False,False,False,False,False,False,False,False,True
2025-03-19,roll_new_contract,False,False,False,False,False,False,False,True,True
2025-05-26,cash_closed,False,False,True,False,False,False,True,False,False
2025-06-17,roll_new_contract,False,False,False,False,False,False,False,True,True
2025-06-19,cash_closed,False,False,True,False,False,False,True,False,False
2025-07-03,early_close,False,False,False,True,False,False,True,False,False
2025-07-04,cash_closed,False,False,True,False,False,False,True,False,False
2025-09-01,cash_closed,False,False,True,False,False,False,True,False,False
2025-09-16,roll_new_contract,False,False,False,False,False,False,False,True,True
2025-09-17,vendor_degraded,False,False,False,False,True,False,False,False,True
2025-09-24,vendor_degraded,False,False,False,False,True,False,False,False,False
2025-11-27,cash_closed,False,False,True,False,False,False,True,False,False
2025-11-28,early_close,False,False,False,True,True,False,True,False,False
2025-12-16,roll_new_contract,False,False,False,False,False,False,False,True,True
2025-12-24,early_close,False,False,False,True,False,False,True,False,False
2026-01-19,cash_closed,False,False,True,False,False,False,True,False,False
2026-02-16,cash_closed,False,False,True,False,False,False,True,False,False
2026-03-16,vendor_degraded,False,False,False,False,True,False,False,False,False
2026-03-17,roll_new_contract,False,False,False,False,False,False,False,True,True
2026-04-10,vendor_degraded,False,False,False,False,True,False,False,False,False
2026-05-25,cash_closed,False,False,True,False,False,False,True,False,False
2026-06-16,roll_new_contract,False,False,False,False,False,False,False,True,True
2026-06-19,cash_closed,False,False,True,False,False,False,True,False,False
2026-07-03,cash_closed,False,False,True,False,False,False,True,False,False
2026-09-07,cash_closed,False,False,True,False,False,False,True,False,False
2026-09-15,roll_new_contract,False,False,False,False,False,False,False,True,True
