date,from,to,new_leader_share,old_contract_expiry,calendar_days_to_old_expiry
2010-06-10,NQM0,NQU0,0.5123002385264523,2010-06-18,8
2010-09-10,NQU0,NQZ0,0.7623567143790462,2010-09-17,7
2010-12-10,NQZ0,NQH1,0.7763883552900643,2010-12-17,7
2011-03-11,NQH1,NQM1,0.7568656390990054,2011-03-18,7
2011-06-10,NQM1,NQU1,0.6660796704084265,2011-06-17,7
2011-09-09,NQU1,NQZ1,0.7260089319753826,2011-09-16,7
2011-12-09,NQZ1,NQH2,0.7281646223400933,2011-12-16,7
2012-03-09,NQH2,NQM2,0.6832185174979333,2012-03-16,7
2012-06-08,NQM2,NQU2,0.6505217849416565,2012-06-15,7
2012-09-14,NQU2,NQZ2,0.7705488710234196,2012-09-21,7
2012-12-14,NQZ2,NQH3,0.7316044861722527,2012-12-21,7
2013-03-08,NQH3,NQM3,0.6907173933754645,2013-03-15,7
2013-06-14,NQM3,NQU3,0.7346529717300286,2013-06-21,7
2013-09-13,NQU3,NQZ3,0.7678528564570332,2013-09-20,7
2013-12-13,NQZ3,NQH4,0.7243774648176999,2013-12-20,7
2014-03-14,NQH4,NQM4,0.7705484517653871,2014-03-21,7
2014-06-16,NQM4,NQU4,0.798167011309387,2014-06-20,4
2014-09-12,NQU4,NQZ4,0.7124072612470402,2014-09-19,7
2014-12-12,NQZ4,NQH5,0.670402983418994,2014-12-19,7
2015-03-13,NQH5,NQM5,0.6235947040183588,2015-03-20,7
2015-06-12,NQM5,NQU5,0.5833443179148017,2015-06-19,7
2015-09-11,NQU5,NQZ5,0.6600524148259079,2015-09-18,7
2015-12-11,NQZ5,NQH6,0.6377786494083807,2015-12-18,7
2016-03-11,NQH6,NQM6,0.6286763827785022,2016-03-18,7
2016-06-10,NQM6,NQU6,0.7081688927186558,2016-06-17,7
2016-09-09,NQU6,NQZ6,0.6490844124653223,2016-09-16,7
2016-12-09,NQZ6,NQH7,0.6073639988527144,2016-12-16,7
2017-03-10,NQH7,NQM7,0.7027308744240535,2017-03-17,7
2017-06-09,NQM7,NQU7,0.6614000433387903,2017-06-16,7
2017-09-08,NQU7,NQZ7,0.6072817137376785,2017-09-15,7
2017-12-08,NQZ7,NQH8,0.634715674687732,2017-12-15,7
2018-03-09,NQH8,NQM8,0.5950245034112592,2018-03-16,7
2018-06-08,NQM8,NQU8,0.563779972854773,2018-06-15,7
2018-09-14,NQU8,NQZ8,0.6293987149102293,2018-09-21,7
2018-12-14,NQZ8,NQH9,0.6165133558907044,2018-12-21,7
2019-03-08,NQH9,NQM9,0.5697784817146483,2019-03-15,7
2019-06-14,NQM9,NQU9,0.544720649934637,2019-06-21,7
2019-09-13,NQU9,NQZ9,0.6049564020192749,2019-09-20,7
2019-12-13,NQZ9,NQH0,0.6152533779318863,2019-12-20,7
2020-03-16,NQH0,NQM0,0.60445003538014,2020-03-20,4
2020-06-15,NQM0,NQU0,0.641910780669145,2020-06-19,4
2020-09-14,NQU0,NQZ0,0.7115738317300152,2020-09-18,4
2020-12-14,NQZ0,NQH1,0.6609965526913437,2020-12-18,4
2021-03-15,NQH1,NQM1,0.6261069175772143,2021-03-19,4
2021-06-14,NQM1,NQU1,0.6962473752742032,2021-06-18,4
2021-09-10,NQU1,NQZ1,0.5063876269300577,2021-09-17,7
2021-12-10,NQZ1,NQH2,0.5515850207596127,2021-12-17,7
2022-03-14,NQH2,NQM2,0.6184727739159219,2022-03-18,4
2022-06-13,NQM2,NQU2,0.6370416991536171,2022-06-17,4
2022-09-12,NQU2,NQZ2,0.5574657702617809,2022-09-16,4
2022-12-12,NQZ2,NQH3,0.5531276970431677,2022-12-16,4
2023-03-13,NQH3,NQM3,0.587285954059137,2023-03-17,4
2023-06-12,NQM3,NQU3,0.6281387180003872,2023-06-16,4
2023-09-11,NQU3,NQZ3,0.6579700249466128,2023-09-15,4
2023-12-11,NQZ3,NQH4,0.6429957385442997,2023-12-15,4
2024-03-11,NQH4,NQM4,0.6735224067972742,2024-03-15,4
2024-06-17,NQM4,NQU4,0.6626390641218897,2024-06-21,4
2024-09-16,NQU4,NQZ4,0.5471982659461891,2024-09-20,4
2024-12-17,NQZ4,NQH5,0.7615594249932389,2024-12-20,3
2025-03-18,NQH5,NQM5,0.6779520547176376,2025-03-21,3
2025-06-16,NQM5,NQU5,0.624580977868189,2025-06-20,4
2025-09-15,NQU5,NQZ5,0.5025469524499327,2025-09-19,4
2025-12-15,NQZ5,NQH6,0.5724656907593778,2025-12-19,4
2026-03-16,NQH6,NQM6,0.5420653956122877,2026-03-20,4
2026-06-15,NQM6,NQU6,0.7130695185923167,2026-06-19,4
2026-09-14,NQU6,NQZ6,0.5499255138663034,2026-09-18,4
