cell,sharpe_annual
"5 min, stop 0.5, 1R target",-0.8792
"5 min, stop 0.5, 1.5R target",-0.8607
"5 min, stop 0.5, 2R target",-0.8356
"5 min, stop 0.5, no target",0.3173
"5 min, stop 0.75, 1R target",-1.0593
"5 min, stop 0.75, 1.5R target",-1.0614
"5 min, stop 0.75, 2R target",-0.8609
"5 min, stop 0.75, no target",-0.0322
"5 min, stop 1, 1R target",-0.9598
"5 min, stop 1, 1.5R target",-0.8590
"5 min, stop 1, 2R target",-0.6301
"5 min, stop 1, no target",-0.0526
"5 min, stop 1.5, 1R target",-0.8120
"5 min, stop 1.5, 1.5R target",-0.4596
"5 min, stop 1.5, 2R target",-0.1776
"5 min, stop 1.5, no target",0.0040
"10 min, stop 0.5, 1R target",-1.1556
"10 min, stop 0.5, 1.5R target",-1.0226
"10 min, stop 0.5, 2R target",-0.7191
"10 min, stop 0.5, no target",0.0953
"10 min, stop 0.75, 1R target",-1.0824
"10 min, stop 0.75, 1.5R target",-0.7894
"10 min, stop 0.75, 2R target",-0.5828
"10 min, stop 0.75, no target",-0.0986
"10 min, stop 1, 1R target",-0.9832
"10 min, stop 1, 1.5R target",-0.6464
"10 min, stop 1, 2R target",-0.4387
"10 min, stop 1, no target",-0.2360
"10 min, stop 1.5, 1R target",-0.6742
"10 min, stop 1.5, 1.5R target",-0.3793
"10 min, stop 1.5, 2R target",-0.3383
"10 min, stop 1.5, no target",-0.2797
"15 min, stop 0.5, 1R target",-0.9836
"15 min, stop 0.5, 1.5R target",-0.7008
"15 min, stop 0.5, 2R target",-0.4904
"15 min, stop 0.5, no target",0.1932
"15 min, stop 0.75, 1R target",-0.8611
"15 min, stop 0.75, 1.5R target",-0.5737
"15 min, stop 0.75, 2R target",-0.3074
"15 min, stop 0.75, no target",-0.0528
"15 min, stop 1, 1R target",-0.7796
"15 min, stop 1, 1.5R target",-0.4091
"15 min, stop 1, 2R target",-0.2598
"15 min, stop 1, no target",-0.1648
"15 min, stop 1.5, 1R target",-0.5632
"15 min, stop 1.5, 1.5R target",-0.3864
"15 min, stop 1.5, 2R target",-0.4076
"15 min, stop 1.5, no target",-0.3232
"30 min, stop 0.5, 1R target",-0.8291
"30 min, stop 0.5, 1.5R target",-0.5726
"30 min, stop 0.5, 2R target",-0.4344
"30 min, stop 0.5, no target",-0.2822
"30 min, stop 0.75, 1R target",-0.4564
"30 min, stop 0.75, 1.5R target",-0.3941
"30 min, stop 0.75, 2R target",-0.2305
"30 min, stop 0.75, no target",-0.1357
"30 min, stop 1, 1R target",-0.3911
"30 min, stop 1, 1.5R target",-0.3843
"30 min, stop 1, 2R target",-0.2623
"30 min, stop 1, no target",-0.2910
"30 min, stop 1.5, 1R target",-0.4950
"30 min, stop 1.5, 1.5R target",-0.4288
"30 min, stop 1.5, 2R target",-0.4282
"30 min, stop 1.5, no target",-0.4496
"45 min, stop 0.5, 1R target",-0.0390
"45 min, stop 0.5, 1.5R target",0.1251
"45 min, stop 0.5, 2R target",0.1417
"45 min, stop 0.5, no target",0.2260
"45 min, stop 0.75, 1R target",0.0170
"45 min, stop 0.75, 1.5R target",0.0656
"45 min, stop 0.75, 2R target",0.1082
"45 min, stop 0.75, no target",0.1052
"45 min, stop 1, 1R target",-0.1049
"45 min, stop 1, 1.5R target",-0.0621
"45 min, stop 1, 2R target",-0.0259
"45 min, stop 1, no target",-0.0852
"45 min, stop 1.5, 1R target",-0.2515
"45 min, stop 1.5, 1.5R target",-0.2679
"45 min, stop 1.5, 2R target",-0.2587
"45 min, stop 1.5, no target",-0.3154
"60 min, stop 0.5, 1R target",0.1954
"60 min, stop 0.5, 1.5R target",0.0912
"60 min, stop 0.5, 2R target",0.1840
"60 min, stop 0.5, no target",0.1773
"60 min, stop 0.75, 1R target",-0.0414
"60 min, stop 0.75, 1.5R target",0.0668
"60 min, stop 0.75, 2R target",0.1019
"60 min, stop 0.75, no target",0.0819
"60 min, stop 1, 1R target",-0.1363
"60 min, stop 1, 1.5R target",-0.0662
"60 min, stop 1, 2R target",-0.0355
"60 min, stop 1, no target",-0.1358
"60 min, stop 1.5, 1R target",-0.1869
"60 min, stop 1.5, 1.5R target",-0.2083
"60 min, stop 1.5, 2R target",-0.2362
"60 min, stop 1.5, no target",-0.2642
